game_id,value
2,Indulgence
2,Coup d'État
3,Samurai: The Card Game
10,Elfenroads
10,King of the Elves
10,Elfenroads
11,Bohn to Be Wild!
11,Bohnanza
11,Bohnanza Fun & Easy
11,Bohnanza: 20 Jahre
11,Bohnanza: 25th Anniversary Edition
11,Bohnanza: Dahlias
11,Excalibohn
11,Ladybohn: Manche mögen's heiss!
11,Landleven spel
11,My First Bohnanza
11,Rabohnzel
11,Sissi!: Die Bohnenkaiserin
11,Wendy Pferdebasar
12,Priests of Ra
12,Ra: The Dice Game
12,Razzia!
13,Baden-Württemberg Catan
13,Catan Geographies: Germany
13,Catan Histories: Merchants of Europe
13,Catan Histories: Rise of the Inkas
13,Catan Histories: Settlers of America – Trails to Rails
13,Catan Histories: Struggle for Rome
13,Catan: Ancient Egypt
13,Catan: Big Game Event Kit
13,Catan: Core + China Map
13,Catan: Family Edition
13,Catan: Portable Edition
13,CATAN: Starfarers
13,Catan: Traveler – Compact Edition
13,The Communication in Catan
13,A Game of Thrones: Catan – Brotherhood of the Watch
13,The Kids of Catan
13,De Kolonisten van de Lage Landen
13,The Settlers of Canaan
13,Settlers of Catan: Gallery Edition
13,Settlers of Catan: Rockman Edition
13,The Settlers of the Stone Age
13,The Settlers of Zarahemla
13,Die Siedler von Catan: Junior
13,Die Siedler von Nürnberg
13,Simply Catan
13,Star Trek: Catan
13,The Starfarers of Catan
13,Das Wasser des Lebens
13,Wien Catan
14,Basari: Das Kartenspiel
14,"Edel, Stein & Reich"
15,Cosmic Encounter
15,Cosmic Encounter
15,Cosmic Encounter
15,Cosmic Encounter Duel
16,Bazar der edlen Steine
17,Button Men: Beat People Up
17,Cosmic Domination
17,Sailor Moon Crystal: Dice Challenge
17,Dogfight
18,Robo Rally
20,Full Metal Conquête
24,Twilight Imperium: Second Edition
25,Runewars
28,Illuminati (Second Edition)
28,Illuminati
30,Return to Dark Tower
34,Arkham Horror
36,Federation Space
38,Decipher
38,Wordsmith
40,Arrakis: Dawn of the Fremen
40,Gearworld: The Borderlands
41,Can't Stop Express
41,Can't Stop the Turtles
41,The Mother Road: Route 66
41,The Great Races
42,Euphrates & Tigris: Contest of Kings
42,HUANG
42,Yellow & Yangtze
43,Airlines Europe
43,Union Pacific
45,Bluff Jubiläumsausgabe
46,Medici: The Card Game
46,Medici: The Dice Game
47,Waterfall Park
48,Charlemagne
49,Mamma Mia! Plus
50,Keltis
50,Lost Cities: To Go
52,Mighty Empires: Warhammer Expansion
54,Tikal Demo
58,King of the Tabletop
59,Black Gold
60,Small World
64,Renaissance
66,Domaine
67,Grand Conquest
67,Conquest
68,Successors (Third Edition)
70,Big City: 20th Anniversary Jumbo Edition!
71,Mega Civilization
72,Meuterer
73,Atlantic Star
74,Apples to Apples Express
74,Apples to Apples Junior
74,Apples to Apples Kids
75,Falling (Revised Edition)
77,EastFront: The War in Russia 1941-45 – Second Edition
78,WestFront II: The War in Europe 1943-45 – Second Edition
79,"EuroFront: The War in Europe, 1936-45 – Second Edition"
87,Victory: World War II – Second Edition
88,Torres Family
88,Burgenland
90,Iron Man 2: Game of War
90,Iron Man Battling Card Game
90,Transformers Battling Card Game
94,Airlines Europe
94,Airlines
97,Conquest of the Empire
97,VI Caesars
98,Axis & Allies
98,Axis & Allies Anniversary Edition
98,Axis & Allies: 1941
98,Axis & Allies: 1942
98,G.I. JOE: Battle for the Arctic Circle
99,Fortress America
101,Niki Lauda's Formel 1
102,Klunker
105,Equinox
105,Galaxy: The Dark Ages
105,Grand National Derby
110,Auf Achse Junior
110,Auf Achse: Das Kartenspiel
110,Leylines
112,Iliad
115,Gaus Company
115,I'm the Boss!: The Card Game
118,Modern Art Card Game
119,Beowulf: The Movie Board Game
121,Dune
121,Dune: A Game of Conquest and Diplomacy
121,Rex: Final Days of an Empire
122,Zoo Vadis
127,Princess Ryan's Space Marines: Squad Combat in the 23rd Century
128,Take it Higher!
128,Take It to the Limit!
137,Pass the Bomb Card Game
137,Pass the Bomb Junior
137,Pass the Bomb: Chain Reaction
137,Pass the Bomb: Family
137,Pass the Bomb: Party Edition
137,Tick Tack Bumm: Vibrations
139,Die Erben von Hoax
139,Hoax (Second Edition)
140,The Game of Exchange
140,Commerce
150,PitchCar Mini
153,Take 5
156,Expedition
156,Expedition: Famous Explorers
156,Expeditions: Around the World
163,Absolute Balderdash
163,Balderdash Junior
163,Beyond Balderdash
163,Mera Rappakalja
165,Black Box +
166,Black Death v1.01
169,Duell
172,For Sale Autorama
173,Formula D
173,Formula Dé Mini
173,Formule Dé
176,Give Me the Brain: Superdeluxe Edition
181,Risk  Transformers: The Decepticon Invasion of Earth
181,Risk (Revised Edition)
181,Risk 2210 A.D.
181,Risk Legacy
181,Risk: 40th Anniversary Collector's Edition
181,Risk: Battlefield Rogue
181,Risk: Game of Thrones
181,Risk: Godstorm
181,Risk: Mass Effect – Galaxy at War Edition
181,Risk: Peaky Blinders
181,Risk: Plants vs. Zombies
181,Risk: Star Wars – Clone Wars Edition
181,Risk: Star Wars – Original Trilogy Edition
181,Risk: Star Wars Edition
181,Risk: The Battle for Medieval England
181,Risk: The Dalek Invasion of Earth
181,Risk: The Elder Scrolls V – Skyrim
181,Risk: The Lord of the Rings
181,Risk: The Walking Dead – Survival Edition
181,Risk: Transformers – Cybertron Battle Edition
181,War Vikings
181,La Conquête du Monde
182,Confrontation
183,Linea
186,Split (Revised Edition)
189,CATAN
196,Kremlin (Third Edition)
197,FrachtExpress
197,HellRail: Third Perdition
197,HellRail
198,Berried Treasure
198,High Spirits with Calvin and the Colonel
200,Entdecker: Exploring New Horizons
200,Im Reich der Jadegöttin
200,Im Reich der Wüstensöhne
200,Oceania
204,The Great Chinese Railway Game
214,Café International Junior
214,Café International: Das Kartenspiel
223,Expedition: Famous Explorers
223,Expeditions: Around the World
223,Wildlife Adventure
224,A Brief History of the World
226,Morisi
226,Netzwerk
229,Elfenland
230,Merchant of Venus (Second Edition)
232,Serenissima (Second Edition)
234,Hannibal & Hamilcar
235,Blackbeard: The Golden Age of Piracy
240,Britannia: Classic and New Duel Edition
242,Junta: Las Cartas
250,Diplomacy
254,Empires in Harm
257,Get Lucky
257,The Island of Doctor Lucky
258,Across America Fluxx
258,Adventure Time Fluxx
258,Anatomy Fluxx
258,Around the World Fluxx
258,Astronomy Fluxx
258,Batman Fluxx
258,Camping Fluxx
258,Cartoon Network Fluxx
258,Chemistry Fluxx
258,Cthulhu Fluxx
258,Doctor Who Fluxx
258,Drinking Fluxx
258,Fairy Tale Fluxx
258,Family Fluxx
258,Fantasy Fluxx
258,Firefly Fluxx
258,Fluxx
258,Fluxx Remixx
258,Fluxx: Rick and Morty
258,Fluxx: The Board Game
258,Holiday Fluxx
258,Jumanji Fluxx
258,Martian Fluxx
258,Marvel Fluxx
258,Math Fluxx
258,Monster Fluxx
258,Monty Python Fluxx
258,Nature Fluxx
258,Olympus Fluxx
258,Oz Fluxx
258,Pirate Fluxx
258,Regular Show Fluxx
258,SpongeBob SquarePants Fluxx
258,Star Fluxx
258,Star Trek Fluxx
258,Star Trek: Deep Space Nine Fluxx
258,Star Trek: The Next Generation Fluxx
258,Star Trek: Voyager Fluxx
258,Star Wars Fluxx
258,Stoner Fluxx
258,Tiny Fluxx
258,Wonderland Fluxx
258,Zombie Fluxx
259,Atlantic Storm: Admiral's Edition
259,Pacific Typhoon
263,Big Manitou
267,El Capitán
271,SWAT!
271,Take It!
274,Combat Soldiers: In the Battle of the Bulge
277,Res Publica: 2230AD
278,Anno 1701: Das Kartenspiel
278,Rivals for Catan
280,"Rome: Imperium, Circus Maximus, Hannibal vs Rome"
283,A World at War
283,Rise and Decline of the Third Reich
284,Pax Porfiriana
284,Lords of the Sierra Madre
285,Monsters Menace America
287,Kombi-Kolor
290,Wapi
292,Gem Dealer
292,Ivanhoe
292,Pan tu nie stał! Demoludy
294,Aladdin's Dragons
294,Keydom's Dragons
296,Franchise
299,De Bellis Magistrorum Militum: Wargame Rules for Ancient and Medieval Battle from 3000 BC to 1525 AD
299,De Bellis Multitudinis: Wargames Rules for Ancient and Medieval Battles – 3000 BC to 1500 AD
299,De Bellis Napoleonicis
299,De Bellis Renationis
299,De Bellis Velitum
299,Hordes of the Things
299,"Horse, Foot and Guns"
300,Tutankhamun
308,Clippers
308,Santa Fe Rails
309,Kahuna
309,Kanaloa
312,Friese's Landlord
313,Alcazar
313,Chartered: The Golden Age
315,Two-King Bagh Chal
317,Mafioso
320,Alfapet
320,Monopoly Scrabble
320,Póker de letras
320,Scrabble BINGO
320,Scrabble Junior
320,Scrabble Trap Tiles
320,Scrabble: Dr. Seuss
320,Star Wars: Scrabble
320,Twister Scrabble
320,Эрудит (Polymath)
321,Die Maulwurf Company Demo
321,Die Maulwurf Company Mitbringspiel
321,Inner Circle
327,Barn Buzzin' Goofy
327,Bluey Keepy Uppy
327,Bobbin' Bumblebee
327,Loopin' Chewie
337,Star Wars: Attack of the Clones Card Game
339,Quiddler Junior
339,Quiddler Mini Round
352,König Artus Tafelrunde
353,Inkognito
359,Racing Hedgehogs
361,Around the World in 80 Days
368,Zen Master
372,Los Banditos
372,Battle Line
372,Battle Line: Medieval
372,Knights Poker
372,Schotten Totten 2
372,East-West
372,The Fifth Column
383,Winner's Circle
388,Tooor!
394,Kanaloa
394,Arabana-Ikibiti
397,Diskwars: Legend of the Five Rings
397,Star Trek Red Alert!
397,Warhammer: Diskwars
397,Warhammer: Diskwars – Hammer and Hold
397,Warhammer: Diskwars – Legions of Darkness
398,Thor
398,Irish Wolf
400,Holiday!
413,Hoax
415,Ligretto
416,A to Z Electronic
416,A to Z Jr.
416,A-Ö
420,Boxcars
426,The Battle of the Bulge
430,The Gnumies
431,Alhambra
431,New York
432,6 nimmt! 25 Jahre
432,6 nimmt! Brettspiel
432,6 nimmt! Junior
432,6 nimmt!: 30 Jahre-Edition
432,Slide 5
432,Take 5!
432,The Walking Dead Card Game
432,X nimmt!
436,Bid & Bluff
437,The Lord of the Rings Labyrinth
437,Star Wars Labyrinth
437,Labyrinth
438,Mister X
438,N.Y. Chase
438,Police 07
438,Scotland Yard Duell: Happy Meal Edition
438,Scotland Yard Junior
438,Scotland Yard Master
438,Scotland Yard Swiss Edition
438,Scotland Yard: 40 Jahre Jubiläumsedition
438,Scotland Yard: Das Kartenspiel
438,Scotland Yard: Italia
438,Scotland Yard: Sherlock Holmes Edition
438,Scotland Yard: The Dice Game
438,Scotland Yard: The Hunt for Mister X
438,Scotland Yard: Tokyo
438,Scotland Yard: Venice
443,What's That on My Head?
450,Octi for Kids
451,Beutelschneider
458,"I Say, Holmes!"
458,Sherlock Holmes: The Card Game – Designer Edition
459,Ave Caesar
460,Dampfross
460,Railway Rivals
462,Bunny Zick-Zack
466,Inkognito: The Card Game
469,Top Secret
472,Dragonquest: A Fantasy Dice Game
472,Drakborgen
472,Drakborgen Legenden
472,Drakborgen: En färd in i det okända
472,DungeonQuest (Third Edition)
478,Citadels
478,Ohne Furcht und Adel Sonderausgabe
481,Eriantys
483,Colonial Diplomacy
484,Stratego
488,Räuber
489,Die Pyramiden des Jaguar
491,China
491,Han
491,Iwari
492,Aladdin's Dragons
492,Keydom's Dragons
492,Keydom
494,Ausgebremst
497,Invasion of the Garden Gnomes
499,Arbos Apfel
499,Arbos XXL
501,Jump the Queue
507,Dallas
507,Priceless
508,Blue Max: World War I Air Combat
508,Canvas Eagles: War in the Skies 1914 - 1918
512,Maloney's Inheritance
512,Shanghai
515,Auf geht's!
520,Axis & Allies: Europe 1940
526,Abalone Junior
526,Abalone Quattro
526,Offboard
529,Krieg und Frieden
533,Labyrinth das Kartenspiel Demo
534,Scotland Yard
539,Dampfross 2
539,Railway Rivals
545,Kaleidos Junior
550,Dohdles!
551,Battle Cry: 150th Civil War Anniversary Edition
551,Memoir '44
553,Chez Cthulhu
553,Chez Goth
553,Chez Greek
553,Chez Grunt
553,Chez Guevara
554,La Città
559,Cable Car
559,Metro: City Edition
568,Panic
569,Little Amadeus Maestro
571,Conflix!
574,Formula Fun
587,Mauern Babylon
589,Wiz-War (9th Edition)
589,Wiz-War (Eighth Edition)
590,1000 Bornes Express
590,Build Me: The Architect Game
590,Cardgame Space Cruiser Yamato
590,Dick Tracy
590,Mille Bornes: Edition spéciale Sécurité Routière
590,Mille Bornes: Mario Kart
590,Online: Internet Card Game
590,Touring
593,Donkey Derby
594,The Case of the Elusive Assassin
606,Pico
609,Merchants
610,Im Schatten des Sonnenkönigs
616,Code 777
616,What's That on My Head?
618,Clutch Baseball
620,Washington's War
621,"25 Words or Less: People, Places and Things Edition"
622,Fight!
623,Adventurer: A Game of Man to Man Brawling in the Far Future
624,Quoridor Junior
624,Quoridor Pac-Man
624,Pinko Pallino
626,War and Peace: Game of the Napoleonic Wars
630,Double Quick!: The Card Game
631,Niki Lauda's Formel 1
632,Celestia
635,Flotte Flitzer
638,Thunder & Lightning
639,Bios: Megafauna
644,Shipwrecked
673,Star Traders
677,Would you rather..?: Filthy Edition
677,Would You Rather...? Kinda Clean Party Edition
677,Would You Rather...? Prove It
677,"Zobmondo!! Would You Rather...? twisted, sick and wrong"
681,QUAD
684,Monopoly: The Card Game Deluxe Edition
686,Tatsu
687,Winkeladvokat
688,The Dragon and The Cross
696,The Big Idea
697,Conspiracy: The Solomon Gambit
697,Die Jagd nach dem Gral
697,Subterfuge
699,HeroQuest: The Card Game
703,Trajan: Ancient Wars Series
705,Trajan: Ancient Wars Series
711,Elfenland
711,Elfenroads
712,Blood Bowl (2016 Edition)
712,Blood Bowl: Living Rulebook
712,Dungeonbowl
712,Blood Bowl (Second Edition)
714,Talisman (Third Edition)
714,Talisman: Revised 4th Edition
718,Colossal Arena
732,Don't Make Me Laugh Jr.
733,Don't Make Me Laugh
741,Trajan: Ancient Wars Series
742,Trajan: Ancient Wars Series
747,Bitter Woods (Fourth Edition)
747,Bitter Woods: Designer Edition
752,Knights of the Dinner Table: Orcs at the Gates
753,Panzerkrieg: Designer Signature Edition
753,Von Manstein: Battles for the Ukraine 1941-1944
760,Battle Line: Medieval
760,East-West
760,Schotten Totten
769,Diskwars
772,Trödeln
775,Draco & Co
788,Tales of the Arabian Nights
790,Burgenland
798,Ace of Aces: Handy Rotary Deluxe Edition
804,Thunder Road: Vendetta
806,West Riding Revisited
811,My First Rummikub
811,Rummikub Kids Edition
811,Rummikub Twist
814,Seven Dragons
815,Back to the Future: The Card Game
815,Star Trek Chrono-Trek
822,The Ark of the Covenant
822,Carcassonne Demo
822,Carcassonne für 2
822,Carcassonne: Amazonas
822,Carcassonne: Gold Rush
822,Carcassonne: Hunters and Gatherers
822,Carcassonne: Over Hill and Dale
822,Carcassonne: Safari
822,Carcassonne: South Seas
822,Carcassonne: Star Wars
822,Carcassonne: The Castle
822,Carcassonne: The City
822,Carcassonne: The Discovery
822,Carcassonne: Winter Edition
822,My First Carcassonne
822,New World: A Carcassonne Game
822,Travel Carcassonne
825,Mission Command Air
826,Cartagena
826,Cartagena 2. The Pirate's Nest
826,Cartagena: Escape Diaries
829,Battle of the Bands: Deluxe Edition
829,Battle of the Bands: Encore Edition
829,Battle of the Bands: World Tour Edition
834,The Best of Chronology
834,Chronology
834,Chronology Junior
834,Chronology: Disney Edition
834,Chronology: Sports Edition
834,Wtedy kiedy
841,Pick Picknic
853,Schlacht am Buffet
855,Cuzco
858,Blindes Huhn extrem
859,Illuminati
865,Billionaire
867,Netzwerk
867,Isi
883,Gem Dealer
883,Pan tu nie stał! Demoludy
883,Attacke
886,Canaletto
891,Cranium 25th Anniversary Edition
891,Cranium Cards
891,Cranium Dice Game
899,Movie Mania for Kids
900,The Market of Alturien
902,Verräter
904,Silver Screen
912,Pacific Victory: Pacific Theater of WW2 – Second Edition
925,One Night Werewolf
929,Dilbert: Corporate Shuffle
932,Downforce
932,Formel 1 Nürburgring
932,Niki Lauda's Formel 1
932,Tempo
936,Fury of Dracula (Second Edition)
938,Disney Princess: Enchanted Forest
938,Junior Sagaland
938,Sagaland Mitbringspiel
938,The Wizard of Oz
939,Risk: Star Wars Edition
943,Espresso
943,Ligretto Dice
943,Ligretto Junior
943,Ligretto Kids
943,Ligretto Probe-Version
943,Ratuki
944,Mag·Blast (Second Edition)
983,Double Tangoes
986,Clash of Magic Schools
987,Kingmaker
988,Igloo Pop
997,Der Garten des Sonnenkönigs
1000,Harun
1000,Moonstar
1000,Orbit
1014,Fief
1014,Fief: France 1429
1014,Fief
1017,Fresh Fish
1021,Corona
1021,Moonstar
1029,Lieber bairisch sterben
1033,Charlemagne: Dark Ages in Europe
1037,Doomtown: Reloaded
1038,The Mind Game
1041,Canal Grande
1053,Corona
1094,EuroHit
1098,Judge Dredd: The Game of Crime-Fighting in Mega-City One
1111,Celebrity Taboo
1111,Electronic Taboo
1111,Midnight Taboo
1111,Taboo Buzz'd
1111,Taboo Junior
1111,Taboo Speak Out
1111,Taboo Uncensored
1111,Taboo: Kids vs. Parents
1117,Bidder Up!
1117,Kuhhandel Master
1122,Dry Gulch Junction
1126,Car Wars
1127,Fantasy Adventures
1132,In Teufels Küche
1132,Spion & Spion
1143,Warrior Knights
1155,Clocktowers
1155,Skyline 3000
1159,Evo (Second Edition)
1163,Ali Baba
1166,Nicht geheuer im Gemäuer (Kleiner Geist und Wirbelwind)
1188,Chaos Marauders (Second Edition)
1194,Championship Formula Racing
1197,Sprint 3
1198,Set Cubed
1198,SET Junior
1198,Set Schnupperspiel
1198,SET: Print & Play Demo
1208,18Texas
1211,Marrakesh
1217,Labyrinth
1218,Labyrinth
1219,3D Labyrinth
1219,The Amazing Spider-Man Labyrinth
1219,Junior Labyrinth
1219,Labyrinth: Disney Villains
1219,Labyrinth: Team Edition
1219,The Lord of the Rings Labyrinth
1219,Master Labyrinth
1219,Ocean Labyrinth
1219,Secret Labyrinth
1219,Star Wars Labyrinth
1219,Thomas the Tank Engine and Friends Luggage on the Line
1220,Happy Birthday!
1224,Athlas: Duel for Divinity
1238,Down Under
1250,Hacker: Deluxe Edition
1255,Maginor
1258,Phase 10 Dice
1260,L'escroc
1261,Medina (Second Edition)
1262,Axis & Allies: Pacific 1940
1268,Egghead
1268,What's That on My Head?
1269,Skip-Bo Dice Game
1269,Skip-Bo Dice Game
1269,Skip-Bo Junior
1269,Skip-Bo Masters
1269,Skip-Bo Pocket
1270,WARS Trading Card Game
1274,Femettan
1275,221B Baker St.: Sherlock Holmes & the Time Machine
1293,Boggle First Words
1294,Clue
1294,Clue
1294,Clue Conspiracy
1294,Clue Diced!
1294,Clue Master Detective
1294,Clue: 50th Anniversary Edition
1294,CLUE: Critical Role
1294,Clue: Dexter
1294,Clue: Discover the Secrets
1294,Clue: Disney Villains
1294,Clue: Doctor Who
1294,Clue: Downton Abbey
1294,Clue: Finding Nemo
1294,Clue: Game of Thrones
1294,Clue: Giant Edition
1294,Clue: Harry Potter Edition
1294,CLUE: IT
1294,Clue: Liars Edition
1294,Clue: Lost in Vegas
1294,Clue: North Pole Edition
1294,Clue: Rivals Edition
1294,Clue: Silver Line
1294,Clue: Star Wars
1294,Clue: The Haunted Mansion
1294,Clue: The Office
1294,Clue: The Walking Dead
1294,Clue: Tim Burton's The Nightmare Before Christmas
1294,CLUE: World of Harry Potter
1294,Cluedo Batman Edition
1294,Guess Who? Clue Game
1294,Junior Cluedo
1294,Travel Clue
1299,Trivial Pursuit: Genus IV – Canadian Edition
1299,Trivial Pursuit: Genus Editie
1301,Android: Netrunner
1304,Credo!: The Game of the Early Church
1305,Isla Dorada
1310,Auf Achse
1321,Catch the Match Duo
1324,Café International
1333,5 Alive
1333,5 Alive / Uno
1333,O'NO 99
1334,Entdecker
1339,Calabozo: La aventura de los anillos
1339,The Classic Dungeon
1339,The New Dungeon!
1339,Star Wars: El Imperio Contraataca
1350,Wizard's Brew
1353,Time's Up! 21st Anniversary Edition
1353,Time's Up! Academy
1353,Time's Up! Deluxe
1353,Time's Up! Edición Amarilla
1353,Time's Up! Edición Azul
1353,Time's Up! Family Edition
1353,Time's Up! Kids
1353,Time's Up! Party Edition
1353,Time's Up! Title Recall!
1367,Colossal Arena
1370,Dungeon!
1373,Guadalcanal
1375,Midway
1376,Templari
1381,Pokémon All Stars Get Everyone & Battle Game
1382,Turf Horse Racing
1401,Manoover Plus
1405,Swashbuckler: A Game of Swordplay and Derring-do
1406,Monopoly Chance
1406,Monopoly City
1406,Monopoly Crooked Cash
1406,Monopoly Deal Card Game
1406,Monopoly Dungeons & Dragons: Honor Among Thieves
1406,Monopoly Empire
1406,Monopoly for Millennials
1406,Monopoly Gamer
1406,Monopoly Jackpot
1406,Monopoly Jenga
1406,Monopoly L.O.L. Surprise!
1406,Monopoly Magyarország
1406,Monopoly Revolution
1406,Monopoly Scrabble
1406,Monopoly Travel World Tour
1406,Monopoly: Dog Artist
1406,Monopoly: DPR Construction 25th Anniversary Edition
1406,Monopoly: Giant Edition
1406,Monopoly: Here & Now World Edition
1406,Monopoly: Mandai
1406,Monopoly: National Parks Special Edition
1406,Monopoly: Rivals Edition
1406,Monopoly: Sailor Moon
1406,Monopoly: Snoopy It's A Dog's Life
1406,Monopoly: Tex
1406,Monopoly: The Mega Edition
1406,Ms. Monopoly
1406,My First Monopoly Game
1406,Fortune
1406,The Landlord's Game
1410,Double Trouble
1410,The Game of Life Pop-O-Matic Trouble Game
1410,Junior Kimble
1410,Kimble Twist
1410,Star Wars R2-D2 is in Trouble
1410,Trouble Game: Star Wars Edition
1410,Trouble: Across The Spider-Verse Part One
1412,Horse Fair Card Game
1412,Whale Riders: The Card Game
1419,Strat-O-Sphere
1431,War at Sea (Third Edition)
1431,The War At Sea
1436,Landslide
1439,Plitsch-Platsch Pinguin: Happy Meal Edition
1444,SPQR (Deluxe Edition)
1463,Girl Genius: The Works
1463,Girl Genius: The Works – Castle Heterodyne
1463,Girl Genius: The Works – Castle Wulfenbach
1463,Girl Genius: The Works – Master Payne's Circus of Adventure
1463,Girl Genius: The Works – The Siege of Mechanicsburg
1463,XXXenophile
1465,Wizard Junior
1465,Wizard Promospel
1465,Wizard Würfelspiel
1465,Wizard: Camelot Edition
1465,Wizard: Jubiläumsedition
1472,Five Crowns Junior
1472,Five Crowns Mini Round
1473,Caesar's Legions
1475,Careers for Girls
1477,Days of Decision III
1477,Days of Decision
1478,Conquest of the Empire
1480,King of Kings
1491,The Scepter of Zavandor
1496,Imperium Romanum
1496,Imperium Romanum: The Clash of Legions
1498,Bowl Bound
1500,The 7th Dwarf
1512,Bin'Fa: The Tao of War
1515,Upwords Deluxe
1536,Lord of the Fries: Superdeluxe Edition
1538,Verzekeringsspel
1540,BattleTech: A Game of Armored Combat
1540,BattleTech: Introductory Box Set
1542,Ali Baba
1544,Balderdash
1561,Clue
1563,Advanced Third Reich
1563,John Prados' Third Reich
1563,A World at War
1572,Situation 7
1574,Tactics
1582,Sicily II
1589,Star Fleet Battles (Commander's Edition)
1589,Star Fleet Battles (Designer's Edition)
1589,Star Fleet Battles: Captain's Edition Basic Set
1590,Stock Market Guru
1594,Federation & Empire
1602,Jiroft
1607,Blurt! Card Game
1607,Blurt! Travel Edition
1608,Battle Hymn
1609,Movie Moguls
1613,Ghost Castle: Mr Creepy
1613,The Real Ghostbusters Game
1621,Siege of the Citadel
1627,Girl Genius: The Works
1634,Warhammer Quest: Blackstone Fortress
1634,Warhammer Quest: Cursed City
1634,Warhammer Quest: Lost Relics
1634,Warhammer Quest: Shadows Over Hammerhal
1634,Warhammer Quest: Silver Tower
1634,Advanced Heroquest
1637,Situation 4
1666,Ambush!
1668,Modern Naval Battles: Global Warfare
1678,Peloponnesian War
1710,"The Siege of Jerusalem, 70 A.D."
1714,Harun
1714,Corona
1720,White Bear & Red Moon
1721,Management
1721,Tycoon: Business Game
1722,Barbarians: 70 BC - 260 AD
1722,Eagles
1730,Drunter und drüber
1730,Fang den Hut: Das Kartenspiel
1733,Vice Versa
1735,Good & Bad Ghosts
1748,Scruples for Kids
1748,Scruples: Millennium Edition
1751,Jumanji
1754,Kiek: 20 years of Splotter
1758,Warhammer Quest
1768,Fireball Island: The Curse of Vul-Kar
1770,Alien Siege
1771,Lunar Invaders
1772,Legend of the Galactic Heroes: Hand-to-Hand Combat Game
1774,Sale of the Century Quizzard
1782,Ancient Battles Deluxe: From Guts to Gunpowder
1782,Ancients I
1782,Ancients II
1796,Age of Rail: South Africa
1797,Big Pay Day
1814,The Great Dalmuti
1821,On to Richmond II: The Union Strikes South
1829,Risk
1835,Scrutineyes Junior
1836,Spaceopoly
1844,Battle of Britain
1855,Hedbanz: Headrush
1859,Super Trooper
1859,Super Trooper: Final Conflict
1860,Dragon Dice (Fourth Edition)
1869,Jägersro (Second Edition)
1872,Hurricane: The Game of Preparedness
1878,Tranquility Base
1883,Attila: Scourge of Rome
1883,Justinian
1887,Legend of the Five Rings: The Card Game
1891,Portal: Demo Game
1897,CATAN: Starfarers
1897,CATAN
1898,Friesematenten
1899,1313 Dead End Drive
1917,Junior Stratego
1917,Pirates! Stratego
1917,Stratego
1917,Stratego (Revised Edition)
1917,Stratego Card Game
1917,Stratego Legends
1917,Stratego Quick Battle
1917,Stratego Waterloo
1917,Stratego WWE
1917,L'Attaque
1919,D-Day
1924,Holiday!
1927,"The Good, the Bad, and the Munchkin"
1927,Munchkin Apocalypse
1927,Munchkin Axe Cop
1927,Munchkin Bites!
1927,Munchkin Booty
1927,Munchkin Cthulhu
1927,Munchkin Dungeon
1927,Munchkin Fu
1927,Munchkin Harry Potter Deluxe
1927,Munchkin Marvel
1927,Munchkin Panic
1927,Munchkin Quest
1927,Munchkin Rick and Morty
1927,Munchkin Rigged Demo
1927,Munchkin Sketch Edition
1927,Munchkin Starfinder
1927,Munchkin Steampunk
1927,Munchkin The Nightmare Before Christmas
1927,Munchkin Treasure Hunt
1927,Munchkin X-Men
1927,Munchkin Zombies
1927,Munchkin: South Park
1927,Star Munchkin
1927,Steve Jackson's Munchkin Presents Batman
1927,Super Munchkin
1933,Key to the Kingdom
1942,Fool!
1946,Calamity!
1950,Clue Mysteries
1950,Junior Detective
1958,Petrodólar
1961,Boom-O
1961,Super 5 Salto
1962,Travel TriBond
1962,TriBond Card Game
1964,Lepanto
1973,Outburst Junior: Travel Edition
1974,Ochs & Esel
1974,Who's the Ass?
1977,Die Wilden Kerle: Tor
1980,Circulus
1986,Spy Alley Junior
1986,Spy Alley: Dice Game
1992,Stop Thief!
2000,Junior True or False
2016,Damnation: The Gothic Game
2017,Niki Lauda's Formel 1
2017,Top Race
2025,Dork Frag
2025,Frag Deadlands
2032,Now You See It
2047,Starships
2048,Up the Creek
2051,Pico 2
2068,Der Herr der Wichtel
2079,NATO: The Cold War Goes Hot – Designer Signature Edition
2086,Elfer raus! Extra
2086,Start 11!  The Board Game
2090,Paulus 6th Army
2090,Stalingrad Pocket: 2nd Edition – The Wehrmacht's Greatest Disaster
2091,Legions of Steel: Operation Anvil
2093,Riichi Mahjong
2099,Mille Bornes
2099,Stap op
2099,Touring
2106,Imperium: Empires in Conflict – Worlds in the Balance
2114,Kleine Fische ganz groß!
2119,221B Baker Street: The Master Detective Game
2120,Simpsons Trading Card Game
2123,Shadowrun: Edge Zone
2129,Battleground: Crossbows & Catapults
2129,Crossbows & Catapults: Castle Battle
2129,Crossbows & Catapults: Fortress War
2133,Rage (Second Edition)
2134,Rage
2143,UNO
2154,Thunderbolt Apache Leader
2161,Advanced Space Crusade
2162,"Warhammer 40,000 (Fourth Edition)"
2162,"Warhammer 40,000 (Second Edition)"
2163,Space Hulk (Second Edition)
2164,Dominate: The Sliding Puzzle Game
2166,Dragon Hunt
2174,Dragonmaster
2174,Indulgence
2206,Madagascar
2210,The Last Spike
2222,Double
2223,DOS
2223,UNO Attack!
2223,UNO Bingo
2223,UNO Blast
2223,UNO Blitzo
2223,UNO Choo-Choo
2223,UNO Dare!
2223,UNO Dice
2223,UNO Dice
2223,UNO Dice Game
2223,UNO Dominos
2223,UNO Flash
2223,Uno Flex!
2223,UNO Flip
2223,UNO Flip!
2223,UNO Hearts
2223,UNO Madness
2223,UNO MASTER
2223,UNO Moo!
2223,UNO Power Grab
2223,UNO Reflex
2223,UNO Remix
2223,UNO Roboto
2223,UNO Rummy-Up
2223,UNO Spin
2223,UNO Stacko
2223,UNO Tiki Twist
2223,Uno Tippo
2223,UNO Triple Play
2223,UNO Wild Jackpot
2223,UNO Wild Tiles
2223,UNO: Colors Rule
2223,UNO: Royal Revenge
2223,UNO: Spirit Untamed
2236,Battle for the Factories
2236,Fire on the Volga
2236,Streets of Stalingrad (Third Edition)
2238,Tactical Game 3 (Russia 1944)
2252,Kings & Things
2253,"Lindy, the New Flying Game"
2253,Mille Bornes
2253,Online: Internet Card Game
2253,Stap op
2254,Title Bout II
2266,Gobblet Gobblers
2268,Warhammer Age of Sigmar: Crypt Hunters
2272,Travel Aggravation
2281,Pictionary Air
2281,Pictionary Air: Kids vs. Grown-ups
2281,Pictionary Frame Game
2281,Pictionary Manía Junior
2283,Fight!
2284,Change!
2284,Flip
2284,"Hey, Bartender!"
2284,Spots
2288,Blood Bowl (2016 Edition)
2288,Blood Bowl (Third Edition)
2288,Blood Bowl: Living Rulebook
2288,Blood Bowl
2290,Dr. Jekyll & Mr. Hyde
2290,Evade
2295,Älpler-Stafette
2298,Decision At Kasserine: Rommel's Last Chance
2299,Pax Renaissance
2301,Dungeon!
2316,Micro Mutants: Evolution
2318,Scrabble
2322,Hit the Beach
2322,"Manöverspiel Pionierstafette ""Immer bereit"""
2331,Spill and Spell
2338,CATAN: Starfarers Duel
2338,North Wind
2339,HellRail: Second Perdition
2342,Electronic Talking Mystery Mansion
2343,Mystery Mansion
2353,Message to the Czar
2371,Can't Stop Express
2375,Sequence for Kids
2379,Electronic Guesstures
2381,Scattergories To Go
2381,Scattergories: The Card Game
2387,Huggermugger Jr.
2392,Electronic Master Mind
2392,Grand Mastermind
2392,Mastermind Challenge
2392,Mastermind for Kids
2392,New Mastermind
2392,Number Mastermind
2392,Royale Mastermind
2392,Ultimate Mastermind
2406,Dinosaur Tea Party
2407,Simon Sorry
2407,Sorry!
2407,Sorry! Not Sorry!
2407,Sorry! with Fire & Ice Power-ups
2407,Sorry!: Giant Edition
2407,Sorry!: Pets Behaving Badly
2407,Sorry!: Pokémon
2407,Travel Sorry!
2415,Tara: Ireland's Royal Board Game
2421,'Over a Thousand' Question Quiz
2422,Bismarck (Second Edition)
2425,Battleship Command: Pirates of the Caribbean
2425,Battleship Royale
2425,Battleship Shots
2425,Battleship: Outer Space
2425,Battleship: Pirates of the Caribbean
2425,Battleship: Star Wars Advanced Mission
2425,Battleship: The Tactical Combat Game
2425,Battleship: zAPPed Edition
2425,Electronic Battleship
2425,Electronic Battleship Advanced Mission
2425,Electronic Talking Battleship
2425,Star Wars: Electronic Galactic Battle
2425,Voice Sea Battle II
2426,Malefiz
2444,Mission Command Sea
2447,Advanced European Theater of Operations
2452,Jenga Mini
2452,Jenga Ultimate
2452,Jenga: Disney Theme Park Edition – Hollywood Tower Hotel
2452,Jenga: Super Mario
2452,Monopoly Jenga
2453,Blokus 3D
2453,Blokus Dice Game
2453,Blokus Duo
2453,Blokus Junior
2453,Blokus Shuffle: UNO Edition
2471,Zombies!!! Jr.
2471,Zombies!!! The Card Game
2472,Grave Robbers from Outer Space Resurrected Edition
2472,Grave Robbers From Outer Space: Director's Cut!
2473,Cabale
2484,Europareise
2487,Columbo Detective Game
2492,Rufus
2532,Property
2533,Glastonbury
2533,Herr der Ziegen
2537,Die Tafelrunde
2541,Quadwrangle
2554,Topfgucker
2561,The Popular Game of Broadway
2561,Rex
2569,Razzia
2570,Show Manager
2574,The Warlord
2574,Warlord
2577,Suit Up
2578,Phase 10
2579,The Third World War: Designer Signature Edition
2580,The Third World War: Designer Signature Edition
2582,Catch Phrase: Uncensored
2582,Electronic Catch Phrase
2583,18Dixie with 18MS and 18GA
2593,Deluxe Pass the Pigs
2593,Nerds Dancin' Dice Game
2593,Pass the Pigs: Pig Party Edition
2593,Schweine-Würfeln
2593,Snout! The Pass The Pigs Card Game
2596,Palazzo Paletti
2598,Mission Command Land
2604,Compatibility 15th Anniversary Edition
2609,Stubborn Mules
2609,Trampelfanten
2610,Richelieu
2610,Spirits of the Forest
2613,Hidden Intruder
2629,Junior Pharao
2629,Pharao
2629,Secrets of the Pyramids
2633,Black DOG
2633,DOG Cards
2633,DOG Royal
2633,DOG: Harry Potter
2635,Fortune
2635,The Landlord's Game
2651,Funkenschlag: EnBW
2651,Mégawatts
2651,Power Grid Deluxe: Europe/North America
2651,Power Grid: The Card Game
2651,Power Grid: The First Sparks
2651,Funkenschlag
2653,Escape from Atlantis
2653,Survive: Escape from Atlantis!
2653,Survive: Space Attack!
2664,Mahé
2665,Russian Civil War 1918-1922 (Second Edition)
2667,Hive Mind
2671,Dorada
2672,King's Gate
2678,Away Team: The Voyages of the Pandora
2679,Elefun & Friends Mouse Trap
2679,Mouse Trap
2679,Mouse Trap Card Game
2681,Des chiffres et des lettres
2681,Countdown
2681,A Word or 2
2691,Astro Blitz
2698,HellRail: Second Perdition
2710,Sputnik
2711,Der kleine König und seine Freunde
2719,Candy Land Connect 4
2728,Game of the Generals
2730,Cosmic Cows
2733,Stimmvieh: Ihr habt die Wahl!
2734,HOSSA op kölsch
2738,Asterix: Das Kartenspiel
2750,Imaginiff: 10th Anniversary Edition
2757,Solar Marine
2760,Maul of America
2771,Vegas
2781,Diabolo
2795,Car Wars (Sixth Edition)
2795,Car Wars Compendium
2795,Car Wars: The Card Game
2795,Car Wars: Two-Player Starter Set Blue/Green
2795,Mini Car Wars
2802,War in Europe (Second Edition)
2808,The Russian Campaign: 4th edition
2810,Galaxis
2818,UNO Attack: Jurassic World
2818,UNO
2821,UNO
2838,Loaded Questions The Game
2838,Loaded Questions: Greatest Hits – 26th Anniversary
2842,Trans Bielefeld: Eine Spur schneller
2842,Trans Europa
2842,Trans Europa & Trans Amerika
2842,TransAmerica & Japan
2842,TransAmerica: China Map
2842,Iron Road
2843,Afzakker Probeerspel
2843,Freaky
2855,Stare! Junior Edition
2865,Splat!
2872,Terrace 6x6
2881,Eastern Front: A Panzer Grenadier Game
2883,The 15 Greatest Board Games in the World
2884,Sphinx
2888,Starfire (3rd Edition)
2891,Starfire (3rd Edition)
2891,Starfire
2904,Rise and Decline of the Third Reich
2919,The Best of Dragon Magazine Games
2921,The Game of Life (2013- Editions)
2921,The Game of Life Pop-O-Matic Trouble Game
2921,The Game of Life: Card Game
2921,The Game of Life: Generations
2921,The Game of Life: Giant Edition
2921,The Game of Life: Indiana Jones
2921,The Game of Life: Jurassic Park
2921,The Game of Life: Target Edition
2921,The Checkered Game of Life
2922,Mistakos: Level up
2935,rioMino
2938,Zatre 2 in 1 Schnupperspiel
2938,Zatre: Das Kartenspiel
2940,A Dog's Life
2943,Campaign
2944,Halli Galli Extreme
2944,Halli Galli Junior
2944,Halli Galli Party
2944,Halli Galli Twist
2944,할리갈리 딜럭스 (Halli Galli Deluxe)
2946,Pipeline
2952,Trivial Pursuit: Classic Edition
2952,Trivial Pursuit: Generations
2952,Trivial Pursuit: Party
2962,The Mole in the Hole
2965,Queen Bee
2968,Trader
2970,Extractor
2972,Star Trek: Galactic Enterprises
2975,Origins of World War I
2994,Guderian's Blitzkrieg II
2995,Sniper! (Second Edition)
2997,Soldier Emperor: Napoleon's Wars 1803-1815
3004,UNO
3007,Noteability for Juniors
3015,Castile
3015,Turnier
3039,Swordquest (Revised Edition)
3050,"Napoleon at Bay: The Campaign in France, 1814"
3053,"Bonaparte in Italy: The Defense of Mantua & the Quadrilateral, July 29, 1796 - January 30, 1797"
3071,Blitz Bowl: Season 2
3071,Blood Bowl (2016 Edition)
3071,Blood Bowl (Second Edition)
3071,Blood Bowl: Living Rulebook
3072,Necromunda: Underhive
3072,Necromunda: Underhive – Van Saar Gang Cards
3072,Shadow War: Armageddon
3076,San Juan
3076,San Juan (Second Edition)
3084,Pirates of the Caribbean Buccaneer
3084,Trade Winds
3086,Omega Virus: Prologue
3097,1849: Kingdom of the Two Sicilies
3100,Backpacks & Blisters (Second Edition)
3109,Starmada Nova Rulebook
3109,Starmada: The Admiralty Edition
3109,Starmada
3119,Haste Worte? Das Würfelspiel
3119,Haste Worte? Jubiläumsedition
3119,Haste Worte?: Das 2. wortreiche Würfelspiel
3123,Momox
3128,Santa Fe
3133,Stuff and Nonsense
3141,Bucket King 3D
3157,Ethan Allen's Manager's Supplement to All-Star Baseball
3162,The Air-Eaters Strike Back!
3181,Munchkin Farkle
3181,Soccer Farkel
3181,Speed Farkel
3183,Car Wars (Sixth Edition)
3183,Car Wars Compendium
3201,Lord of the Rings: The Confrontation
3202,RAF: The Battle of Britain 1940
3208,Dragon Land
3226,Paydirt
3234,London Markets
3248,DeathMaze: Heroic Adventure in the Corridors of Doom
3284,Transformers Armada:  Battle for Cybertron
3284,Unmatched Adventures: Tales to Amaze
3284,Unmatched Game System
3284,"Unmatched: Battle of Legends, Volume One"
3284,"Unmatched: Battle of Legends, Volume Two"
3284,Unmatched: Brains and Brawn
3284,Unmatched: Buffy the Vampire Slayer
3284,Unmatched: Cobble & Fog
3284,Unmatched: For King and Country
3284,Unmatched: Hell's Kitchen
3284,Unmatched: Houdini vs. The Genie
3284,Unmatched: Jurassic Park – Dr. Sattler vs. T. Rex
3284,Unmatched: Jurassic Park – InGen vs Raptors
3284,Unmatched: Little Red Riding Hood vs. Beowulf
3284,Unmatched: Redemption Row
3284,Unmatched: Robin Hood vs. Bigfoot
3284,Unmatched: Sun's Origin
3284,Unmatched: Teen Spirit
3293,Trumpet
3297,Nimmit
3300,Merlins Erben
3307,Shogun
3307,Wallenstein (Second Edition)
3309,Air Cobra: Modern Tactical Airmobile Warfare
3321,Pacal
3337,O'NO 99
3339,Dogfight
3347,SOLO Schnupperspiel
3347,Solo Sonderedition
3347,SOLOmino
3348,Santa Fe
3349,Buccaneer
3360,Lexicon-Go
3360,Nya lexikon
3368,Ausbrecher AG
3370,BRIDG-IT
3377,Indix Junior
3383,Monster Fressen
3383,Push Over
3404,Wege
3406,Alveole
3408,Musket & Pike Dual Pack
3409,The Napoleonic Wars (Second Edition)
3412,"Battles of the American Revolution Tri-pack: Guilford, Saratoga, Brandywine"
3413,"Battles of the American Revolution Tri-pack: Guilford, Saratoga, Brandywine"
3421,Champions 2020
3427,Super Blockhead!
3439,DC HeroClix: Man of Steel 2 Player Mini-Game
3439,HeroClix: The LoneRanger Mini-Game
3463,Melee & Wizard
3464,Melee & Wizard
3471,Grand Prix: A Sports Car Racing Game
3474,D3 Time Warriors
3476,BattleTech: Battletroops
3506,Sandsplatters
3522,Left Center Right Card Game
3523,Decision at Kasserine: Rommel's Last Chance – Designer Signature Edition
3523,"Kasserine: Rommel's Battle for Tunisia, 1943"
3525,Act One
3525,The All New Act One
3528,Cartel
3553,"Close Action: Naval Warfare in the Age of Napoleon, 1793-1815"
3563,The Lord of the Rings: Strategy Battle Game
3563,The Lord of the Rings: The Return of the King
3563,The Lord of the Rings: The Two Towers
3570,Maxi Zicke Zacke Hühnerkacke
3570,Zicke & Zacke: Ran an die Federn
3571,"Flying Circus: Tactical Aerial Combat, 1915-1918"
3576,Olympic & Coronet
3577,The Three Days Of Gettysburg
3582,Travspelet med V65
3586,Sherlock Deluxe
3595,Squint Junior
3605,The Third World War: Designer Signature Edition
3613,The Speed of Heat
3616,Battleforce 2
3616,BattleTech: Interstellar Operations – BattleForce
3620,Trainsport: Switzerland
3625,Citadel of Blood
3641,Imperialism
3646,Luftwaffe: Aerial Combat – Germany 1943-45
3646,Twelve O'Clock High
3655,CATAN
3661,Imperium: 3rd Millennium
3662,Free Mars
3664,Mastermind couleurs et formes
3664,Mastermind
3667,Star Trek Battle Manual
3669,Clavius
3699,Killer Bunnies and the Journey to Jupiter
3699,Killer Bunnies and the Quest for the Magic Carrot LITE
3699,Killer Bunnies and the Ultimate Odyssey
3705,Hart an der Grenze
3705,Robin Hood
3705,Sheriff of Nottingham
3710,MBT (Second Edition)
3711,Check Six!
3712,FEBA
3720,Football Express
3720,Subbuteo: 5 vs 5 Indoor
3725,Switch: The Game of Ups and Downs
3728,Fingerlings: Treetop Fall Game
3728,Mikado Reisspel
3730,Statis Pro Baseball Advanced
3731,Stocks & Bonds
3737,Botched Operation
3737,Operation
3737,Operation Perfection
3737,Operation Pet Scan
3737,Operation Rescue Kit
3745,Bioviva Junior
3751,Villa Paletti
3753,Estanciero Express
3800,Lords of Xidit
3818,Alias: Suklaaversio / Chokladutgåva
3818,Alias: Travel
3818,Junior Alias
3818,Late Night Alias
3818,Women vs. Men Alias
3825,Ugly Duck
3829,TrainSport: Austria
3836,Romance of the Nine Empires
3836,Romance of the Nine Empires: Arcane Fire
3837,Biberbande Schnupperspiel
3837,Rat-a-Tat Roll
3839,UNO
3844,Banana Split
3852,Star Trek Customizable Card Game (Second Edition)
3855,Crimson Skies
3864,Mechwarrior: Age of Destruction Starter Pack
3870,7 Ages: Collector's Edition
3874,Mastermind
3889,Ali Baba Junior
3895,Silent Death: The Next Millennium Deluxe Edition
3901,Clash of Steel
3901,Russia's War
3904,Who Is Going to Do the Dishes?
3920,Monster Maker 30th Anniversary Remake Edition
3920,モンスターイーター ～ダンジョン飯 ボードゲーム～ (Monster Eater)
3931,Mare Nostrum: Empires
3946,Kyro 5
3946,Matoca
3955,BANG! The Dice Game
3955,BANG! The Duel
3955,BANG!: Halo
3955,BANG!: Heroes of the Storm
3955,BANG!: The Walking Dead
3955,BANG!: The Walking Dead – We Are the Walking Dead Expansion
3955,Captain Marvel: Secret Skrulls
3955,Samurai Sword
3955,Samurai Sword: Rising Sun
3955,Бэнг! Звёздные Войны
3956,Word Frenzy
3963,Graphos
3966,BattleTech: Succession Wars
3972,Catan: Traveler – Compact Edition
3972,CATAN
3985,Next War: Korea
3986,Battle for Germany: Deluxe Edition
3990,Fact or Crap: Hollywood
3992,ATS Rulebook 2014
3999,My Word!
4001,"Warhammer Epic 40,000"
4014,Fight in the Skies
4017,Belisarius: The Byzantine Empire Strikes
4017,"Khan: The Rise of the Mongol Empire, A.D. 1206-1295"
4017,"Xenophon: 10,000 Against Persia"
4023,Frag
4035,Man Bites Dog: Deluxe Edition
4035,Yeti Eats Alien
4040,Triominos Conquest
4050,Fortress Europa: Designer Signature Edition
4058,Daemon Dice
4062,Swap! (2-10p)
4072,Montage
4077,Who Wants to Be a Millionaire (Second Edition)
4082,Can't Stop
4086,"Napoleon at Bay: Defend the Gates of Paris, 1814"
4091,Adeptus Titanicus: The Horus Heresy Rules Set
4091,Titan Legions
4095,Munchkin
4098,Railways of the World
4098,Steam
4106,Batavia
4112,The Game of Y
4122,Battleship: Star Wars Advanced Mission
4122,Electronic Battleship Advanced Mission
4122,Electronic Talking Battleship
4122,Star Wars: Electronic Galactic Battle
4122,Voice Sea Battle II
4122,Battleship
4143,Guess Who Coasters
4143,Guess Who? Clue Game
4143,Guess Who?: Card Game
4173,Italia
4174,Desert Island
4175,Diskwars
4180,Pizza Wars
4185,The Game of Baloney
4191,Crash
4192,Warhammer Fantasy Battle Rules (Second Edition)
4204,Tunisia II
4205,On to Richmond II: The Union Strikes South
4206,Roads to Gettysburg II: Lee Strikes North
4209,Monza 20th Anniversary
4209,Monza: Das Kartenspiel
4211,Stonewall Jackson's Way II: Battles of Bull Run
4212,Roads to Gettysburg II: Lee Strikes North
4217,Alexandros and I Am Spartacus!
4218,Zooronga
4221,Quest for the DragonLords (Second Edition)
4222,War Between The States 1861-1865 (Second Edition)
4228,1918/1919: Storm in the West
4230,Napoleon's Last Gamble: Battles of the Hundred Days
4244,"Highway to the Reich: The Allied Airborne Invasion of Holland, 1944 (Third Edition)"
4252,The Bulge
4258,Axis Empires: Totaler Krieg!
4258,Krieg! World War II in Europe
4286,A Game of Thrones: The Card Game
4288,Panzer: The Game of Small Unit Actions and Combined Arms Operations on the Eastern Front 1943-45
4299,Battle
4299,Battle: The American Civil War
4299,Battle: The Napoleonic Wars
4320,Invasion of the Air-eaters
4324,Risk: The Lord of the Rings Trilogy Edition
4324,Risk
4327,Jurassic Snack
4330,Arabana-Ikibiti
4330,Kahuna
4334,Napoleon at Chattanooga
4341,Market Madness
4358,Empires & Alliances
4359,1914: Glory's End / When Eagles Fight
4368,In their Quiet fields
4378,Jumbolino
4381,Back to Iraq (Third Edition)
4384,Knights of the Rainbow
4388,King's Road
4388,Neue Spiele im alten Rom
4390,Carcassonne
4394,CATAN: Dawn of Humankind
4394,CATAN
4396,Odin's Ravens (Second Edition)
4401,San Marco
4410,Loopin' Louie
4426,Titan Legions
4427,Cluedo: Passport to Murder
4432,Terra Turrium
4432,Torres
4471,Fist of Dragonstones: The Tavern Edition
4506,Wings: The Air Mail Game
4506,Touring
4545,Spout
4561,Carrera de Mente: Cartas
4562,Mogul
4578,UNO
4580,Le Chat Noir
4580,Osaki ni Shitsurei Shima-su!!
4604,Chez Geek
4613,1844/1854
4628,Trouble: Disney Frozen Olaf's Ice Adventure Game
4636,Fae
4641,Life on the Farm: Preschool Edition
4674,"Assault on Sevastopol: Von Manstein in the Crimea, 1942"
4713,Papua
4741,Warmachine Prime Mk II
4741,Warmachine Prime Mk III
4753,Der Herr der Ringe: Die Gefährten – Das Kartenspiel
4769,Great War at Sea: The Wine-Dark Sea
4779,Wartime Easy Money
4779,The Landlord's Game
4780,Seimi in the Super Crazy World
4781,Battleship
4781,Electronic Battleship
4802,Holy Roman Empire: The Thirty-Years War
4810,Battlefield Blast
4815,North African Campaign
4838,"Rommel in France, Dinant, May 1940"
4859,Keep Quiet
4862,Electronic OUTBURST
4862,Outburst II
4862,Outburst Remix!
4862,Outburst: Travel Edition
4864,Movie Scene It?
4882,Proverbial Wisdom Junior
4884,North Africa '41
4888,Paw Patrol: Don't Drop Chase Action Game
4888,Penguin Trap
4893,Ghost Castle
4896,Bulls & Bears
4903,Why
4914,Great War at Sea: Remember the Maine
4915,Great War at Sea: Jutland
4916,Great War at Sea: Russo-Japanese War
4917,Great War at Sea: Black Waters
4927,The Landlord's Game
4928,Clue
4934,Battling Gladiators
4952,Trivial Pursuit: TV Edition – Master Game
4953,13 Dead End Drive
4958,Ardennes II
4962,1914 Deluxe: Hell Unleashed
4971,The Spanish Civil War
4974,"Wellington's Victory: The Battle of Waterloo, 18 June 1815 (Second Edition)"
4978,Mutant Chronicles Warzone Resurrection
4978,Warzone Eternal
4978,Warzone: Universe Under Siege
4978,Warzone
4991,Apples to Apples
4997,HellRail: Second Perdition
5034,A World at War
5038,Boudicca: The Warrior Queen
5048,Candy Land Connect 4
5048,Candy Land: Fun on the Run
5048,Candy Land: Game of Cupcake Creations
5048,Candy Land: Giant Edition
5048,Candyland: Willy Wonka & The Chocolate Factory
5058,"Operation Crusader: The Winter Battles for Tobruk, 1941 – Designer Signature Edition"
5086,Littlest Pet Shop Mall Madness
5086,Mall Madness
5107,"The $100,000 Pyramid DVD Game"
5130,Den försvunna diamanten: Kortspel
5130,Inkan Aarre
5130,Pääministeri-peli
5130,Savonlinna
5130,Suuri Kahvisafari
5136,Räuber Rudi
5155,Alles für die Katz?
5155,Cheeeese Please
5165,Eleusis
5165,Genius Rules
5177,DungeonQuest
5178,Race Through Space
5182,The African Campaign: Designer Signature Edition
5195,The Farming Game Card Game
5195,The Farming Game Kids
5205,Ogre Miniatures
5206,Ogre Miniatures
5215,New Zealand Menagerie
5217,Code Breaker
5217,Eleusis Express
5217,Genius Rules
5222,Gads Hill 1874
5222,Schinderhannes
5233,The Great Battles of Alexander: Deluxe Edition
5239,St-Lô: Normandy 1944 – The Breakout Begins
5242,Poly-Y
5242,Hex
5243,¡Knock-on-Word!
5251,Cam
5251,Grand Camelot
5251,Chivalry
5253,Magnetic Jack Straws
5255,"Warhammer 40,000: Speed Freeks"
5274,Operation Theseus: Gazala 1942
5275,Crossing the Line: Aachen 1944
5276,Verdun: A Dagger at the Heart of France
5295,Tactics
5297,World War I: Deluxe Edition
5298,AbraKIDdabra
5298,Curses! of the Vampire
5312,Family Feud Blockbuster Movie Edition
5312,Family Feud Canada
5312,Family Feud: DVD Game
5312,Family Feud: Kids vs Adults
5313,Convoy Terror
5316,Epic Armageddon
5316,Warhammer: The Horus Heresy – Legions Imperialis
5316,Space Marine
5316,Titan Legions
5332,Split
5336,Talisman
5338,SeaSim
5339,Monopolino
5339,Monopoly Junior Game: Disney/Pixar Incredibles 2 Edition
5339,Monopoly Junior: Finding Dory edition
5339,Monopoly Junior: Super Mario
5369,De Bellis Renationis
5369,"Horse, Foot and Guns"
5369,De Bellis Antiquitatis: Quick Play Wargame Rules with Army Lists for Ancient and Medieval Battles
5369,De Bellis Multitudinis: Wargames Rules for Ancient and Medieval Battles – 3000 BC to 1500 AD
5377,Wyvern
5382,Oil War: Iran Strikes
5389,Daytona 500
5389,Detroit-Cleveland Grand Prix
5389,Formel 1 Nürburgring
5389,Top Race
5389,Tempo
5396,Buccaneer
5404,Amun-Re: 20th Anniversary Edition
5404,Amun-Re: The Card Game
5415,Let's Make A Deal
5418,Victory by Any Means Campaign Guide (Second Edition)
5422,Sai Dov'è
5427,Tribond
5429,Bible Blurt: The Card Game
5429,Blurt!
5445,Rod Soccer
5452,"DAK2: The Campaign in North Africa, 1940-1942"
5455,BRL 1192: Tobruk Deprogrammed
5456,Scrutineyes
5457,Dread Pirate: Buccaneer's Revenge
5458,Assassin
5464,Tau
5467,Clue
5480,Drive on Stalingrad (Second Edition)
5481,Advanced Vive l'Empereur
5504,Napoleon's Battles (Third Edition)
5504,Napoleons Battles: Marechal (4th) Edition
5511,The Third World War: Designer Signature Edition
5522,UNO
5525,High Frontier
5525,High Frontier 4 All
5534,Light Speed: Arena
5534,Stellar Conflict
5541,Barbarossa Deluxe: The Russo-German War – 1941-1945
5549,CATAN
5588,Head to Head Perfection
5588,Operation Perfection
5589,Château Lafortune
5590,Spinnengift und Krötenschleim
5591,Clue Jr.: Spongebob Squarepants Edition – The Case of the Missing Jellyfish Net
5608,Lighter Than Air Warfare
5620,Vietnam: 1965-1975 (2nd edition)
5622,"Pacific War: The Struggle Against Japan, 1941-1945 (Second Edition)"
5628,Canyon
5633,The Game of Dragnet
5635,Second World War at Sea: La Regia Marina
5641,Atmosfear: 30th Anniversary Edition
5646,Online: Internet Card Game
5646,Touring
5656,France 1944: The Allied Crusade in Europe – Designer Signature Edition
5675,Dribble
5686,Stargrunt
5692,Deadloque (Second Edition)
5699,Afrika: 2nd Edition
5711,Pingo Pingo
5716,Piñata
5720,Charles Goren's Advanced Bridge for One
5737,Löwenherz
5749,Simon Optix
5749,Simon Sorry
5749,Simon Swipe
5749,Star Wars Simon
5755,Guadalcanal: The Battle for Henderson Field Aug-42 to Jan-43 –  Deluxe Edition
5758,Monopoly: Pokémon Gold and Silver
5758,Monopoly: Pokémon Johto Edition
5758,Monopoly: Pokémon Kanto Edition
5770,First Orchard
5770,Orchard: The Card Game
5772,Say Whaaat?!
5778,Chancellorsville
5781,Basari: Das Kartenspiel
5781,Basari
5782,Zooloretto
5792,Creature Features
5795,Spirits of the Forest
5795,Kardinal & König: Das Kartenspiel
5799,Max: A Two-Player Game
5811,Search for the Emperor's Treasure
5824,CATAN
5829,"Marita-Merkur: The Campaign in the Balkans, 1940-41"
5831,Britain Stands Alone (Second Edition)
5833,Great Battles of Julius Caesar: Deluxe Edition
5835,Command Decision 2nd Edition
5835,Over the Top: Command Decision Series Game
5869,The Arrival
5878,Lotería de Valores Mexicanos
5893,Ghost Train
5894,Twister Air
5894,Twister Scrabble
5895,Hungry Hungry Hippos Fun on the Run Game
5895,Hungry Hungry Hippos Launchers
5899,Encounters
5907,Das Störrische Muli
5928,The Best of GDW's Harpoon Sitrep
5928,Harpoon 4: Modern Tactical Naval Warfare
5928,Harpoon II
5939,Death Valley: Battles for the Shenandoah
5953,Crash Cup Karambolage
5958,"NATO, Nukes & Nazis 2: The War in France & Russia"
5960,Basic Training
5994,TOGO: Dawn of the Dreadnoughts – Naval Battles of the Russo-Japanese War
5995,Giant
6003,"Objective Munich: 7 Days to the Rhine, Volume 2"
6006,Combat
6050,Duel of Ages II
6137,Call to Glory
6137,Lyttle Wood
6153,Crisis 2020
6159,Dragon Quest Dungeon II
6159,Dragon Quest Dungeon R
6160,Dragon Quest Dungeon
6191,Museum Heist
6202,"Carthage: The First Punic War – The Ancient World, Vol. II"
6202,Thunderbolt
6203,Case Blue
6209,Mag·Blast: Third Edition
6209,Mag·Blast
6226,Tank Leader: Eastern Front – Designer Signature Edition
6226,Western Front Tank Leader
6236,Wood Wars 3D
6240,"Onward, Christian Soldiers: The Crusades"
6249,Alhambra: Roll & Write
6249,Alhambra: The Red Palace
6249,Granada
6249,Alhambra: The Card Game
6250,Chez Geek
6251,ATS Core Module: Arnhem – One Bridge... Too Far 1944
6252,Chaos Chess (Second Edition): Medieval Madness
6253,Wacht Am Rhein
6266,Sherlock Holmes Consulting Detective: Jack the Ripper & West End Adventures
6272,Stratego
6290,Platz da!
6300,Pani-High!
6321,Tank Hunter 2e
6338,SEEKRIEG 5
6351,Pharaoh's Gulo Gulo
6353,Monty's Gamble: Market Garden (Second Edition)
6361,Haunted Mansion Game
6362,The Airport Game
6368,King Arthur
6381,Sequence
6399,Ancient Battles Deluxe: From Guts to Gunpowder
6399,Ancients
6399,Ancients II
6399,Ancients
6411,Blokus
6414,Code Breaker
6414,Eleusis
6431,Air & Armor: Operational Armored Warfare in Europe – Designer Signature Edition
6456,Lods 1914: Blitzkrieg in the East
6472,A Game of Thrones: The Board Game (Second Edition)
6474,Election L-Game
6476,Yalu: The Chinese Counteroffensive in Korea: November 1950-May 1951 (Second Edition)
6487,Fantasy Warriors: Dawn of New Heroes
6512,Balderdash
6513,Geen Paniek! Turbo
6513,Keine Panik!: Family Edition
6516,Adeptus Titanicus II
6516,"Warhammer Epic 40,000"
6516,Adeptus Titanicus
6529,Panzer Grenadier: Airborne – Introductory Edition
6539,Formula Dé
6540,Fear God & Dread Nought: 2nd Edition – Tactical Naval Warfare 1906-1925
6541,Articulate! Christmas
6541,Articulate! Phrases
6541,Junior Articulate
6542,Lock 'n Load Tactical: Heroes of the Nam
6544,"Battle for Moscow: Operation Typhoon, 1941"
6547,Pan-Kai
6547,Pentominoes
6551,Crimson Skies
6552,Abundance
6552,Cashflow for Kids
6554,Les Fils de Samarande
6578,Mystery Date?
6584,Grave Robbers From Outer Space: Director's Cut!
6587,Coodju Lite
6607,Munchkin
6614,Barnfinans
6614,Nya Finans
6638,Dawn Patrol: Role Playing Game of WW I Air Combat
6641,Western Front Tank Leader
6642,Desert Steel
6642,Eastern Front Tank Leader
6685,Nacht der Sterne
6688,4 Seasons
6688,Counterpoint
6699,Command Decision: Test of Battle
6699,Command Decision 2nd Edition
6700,Command Decision III
6700,Command Decision
6722,"A Test of Mettle: Three Battles of the Lorraine Campaign, September 1944"
6725,Battleship
6725,Electronic Battleship
6727,WWE Trivia Mania
6732,Red Baron
6732,Spitfire!
6778,CATAN
6779,Carcassonne
6787,Rhein-Reise
6815,Lancer
6837,Deluxe Battleship Movie Edition
6837,Battleship
6837,Electronic Battleship
6841,Star Wars: Epic Duels
6847,War of the Rebellion
6852,Nach dem Regen
6856,Knight Chase
6861,First Blood: The 1st and 2nd Battles of Manassas
6864,Space Dominoes
6888,The Ashes of Empire: Das Science-Fiction Brettspiel
6898,Electronic Toss Across
6900,Mahé
6906,Mastermind
6909,Fief
6909,Fief 2
6909,Fief: France 1429
6914,Beda Fomm
6927,Hornet Leader II
6927,Hornet Leader: Carrier Air Operations
6929,Ranger
6930,Musket & Pike Dual Pack
6930,Nördlingen 1634: Habsburg High Water Mark
6931,GTP Compet
6931,Katamino Duo
6942,Fire in the East
6944,"The Moscow Campaign: Strike and Counterstrike Russia, 1941"
6954,Gondoliere
6964,Monopoly
6976,Omaha Beachhead: Battle for the Bocage
6977,Tank Battle
6980,Carrier Strike!
6982,Screaming Eagles
7006,Business Strategy
7014,"Lebensraum: The War For Europe, 1941-1945"
7021,Palace Coup
7023,"Lebensraum: The War For Europe, 1941-1945"
7026,Search & Destroy: Tactical Combat Vietnam – 1965-1966
7031,Spitfire: Tactical Aerial Combat in Europe 1939-42
7033,Day of the Chariot: Kadesh
7034,Fighter Pilot
7060,"SAC: All Out Nuclear War Against the Soviet Union, 1962"
7070,"Monstrosity, The Card Game"
7086,"Battles of the American Revolution Tri-pack: Guilford, Saratoga, Brandywine"
7090,ATS TT: Orders for the Major
7090,ATS TT: Shout for PIATS
7109,"Objective Frankfurt: 7 Days to the Rhine, Volume 3"
7118,Ace of Aces: Handy Rotary Series
7130,Combat
7164,Horus Heresy (2003)
7181,Salo Dominios de Ra Juego de Mesa Mitos y Leyendas
7203,Ophidian Redux: Legacy of the Arenas
7227,Plunder!: The Great Bermuda Treasure Hunt
7239,Medieval
7245,Blacks & Whites: 50th Anniversary Edition
7251,Air Strike
7251,Air Superiority
7254,War of the Rebellion
7278,ATS Core Module: All American I – Capture of the La Fiere Bridge 1944
7278,ATS Core Module: All American II – Stand at Amfreville 1944
7308,Battroborg
7308,Rock ‘Em Sock ‘Em Robots Fight Cards
7314,Mystery Date: Catfished
7320,Elefun Flyers
7338,Crossings
7349,"The Korean War: June 1950 – May 1951, Designer Signature Edition"
7380,Rubberneckers Jr.
7382,War of the Rebellion
7453,The Third Winter: The Battle for the Ukraine September 1943-April 1944
7482,Rush n' Crush
7506,The SS Abyss: Hungary 1945
7539,Ultra Starfire
7539,Starfire (3rd Edition)
7553,Soluna
7562,Monty's D-Day
7567,Más-Menos
7579,South African Railroads
7581,Quoridor
7604,Tetra Master
7614,Advanced Third Reich
7614,Empire of the Rising Sun
7614,Rise and Decline of the Third Reich
7623,LEGO Wars
7625,Triumph of the Will
7626,Kendo
7634,War in the Desert
7635,War in the Desert
7636,Balkan Front
7638,First to Fight
7643,Bisnes
7662,Bar-Lev: The 1973 Arab-Israeli War
7709,Star Wars: Hands Down Game
7712,Super Cluedo Challenge
7717,Carcassonne
7723,"Renaissance of Infantry: Tactical Warfare, 1250 A.D-1550 A.D"
7735,Fatal Alliances: The Great War 1914-1918
7742,Confrontation: The Age of the Rag'Narok
7742,Rag'narok
7750,Tannenberg: The Introductory Game
7753,1914: Glory's End / When Eagles Fight
7774,Striker II
7784,Canvas Falcons
7785,Flying Tigers (Third Edition)
7802,Panzer Commander Afrika
7803,Boom-O
7803,Double Down
7806,Dragon Ball Z Power Up! Board Game
7806,Super Mario: Level Up! Board Game
7811,Nowhere to Go
7816,Penetration
7843,Great Battles of Julius Caesar: Deluxe Edition
7860,Looney Tunes Trading Card Game
7861,"Soldier Emperor: Asian Empires Land War in Asia, 1759-1825"
7861,Soldier Kings: The Seven Years War Worldwide
7878,Community
7885,Our Town
7889,Praktika
7929,Dungeons & Dragons Miniatures Game (Second Edition)
7935,1844/1854
7941,Group of Soviet Forces Germany
7943,Shadowrun: DMZ Downtown Militarized Zone
7946,Keep Quiet Reword
7948,"Viking: Tactical Warfare in the Dark Ages, 700-1300"
7950,Chronopia: War in the Eternal Realm
7954,Confederate Rails: Railroading in the American Civil War 1861-1865
7956,Top Race
7956,Niki Lauda's Formel 1
7960,States of the USA
7963,Sturm Nach Osten
7966,Les Dieux Nomades
7976,Fantasy Pub (Second Edition)
7989,Muertoons
7994,"Silver Bayonet: The First Team in Vietnam, 1965 (25th Anniversary Edition)"
8001,Maori: Warriors of the Long White Cloud – Clan Warfare in New Zealand
8017,Ablaze!
8017,Vulkan!
8031,Citadel Combat Cards
8033,"Grunt: Tactical Combat in Vietnam, 1965"
8036,"Centurion: Tactical Warfare, 100B.C.-600A.D."
8044,"Yeoman: Tactical Warfare in the Renaissance Age, 1250-1550"
8046,Star Trek Battle Manual
8049,Chronopia (Third edition)
8049,Chronopia
8051,U.S. Telegraph
8070,The Great War in the East: 1914-1918 (Second Edition)
8098,Jungle Speed Collector
8098,Jungle Speed Kids
8098,Jungle Speed Limited Bertone Edition
8098,Jungle Speed: 20 Years
8098,Jungle Speed: Electronique
8098,Jungle Speed: Flower Power
8098,Jungle Speed: Rabbids
8098,Jungle Speed: Safari
8107,Risk: The Lord of the Rings
8121,Fleets
8124,Industry
8133,30 Second Mysteries for Kids
8155,Warumono 2
8172,Coyote
8172,Pow Wow
8173,Simulations Canada's Battleship
8192,Railroad Dice 2
8195,Den Letzten beißen die Hunde
8195,Die Maus im Nacken
8217,San Juan (Second Edition)
8217,Puerto Rico
8222,Primate Fear
8229,Pearladöra
8243,Rolit Junior
8243,Rolit Travel
8252,Lodz 1914: First Blitzkrieg
8258,The Solomons Campaign (Second Edition)
8264,Beatles Diplomacy: Strategic Analysis & Simulation of a Pop Group's Rise to the Top
8295,Ramses II
8311,Battle Cry!
8311,Iron Cross
8313,Air Cav
8315,Aces High
8325,Desert Fox Deluxe
8334,Desert Fox Deluxe
8337,Gold Digger
8345,TKKG: Der Schatz im Teufelsmoor
8380,Flight Leader
8383,Thirty Years War Quad (Second Edition)
8387,Tac Air
8409,Aces High
8435,Pacific Crucible Naval Battles of the Pacific
8437,Barbary Coast War (Second Edition)
8493,Anagramania Junior Edition
8495,De Bellis Magistrorum Militum: Wargame Rules for Ancient and Medieval Battle from 3000 BC to 1525 AD
8495,De Bellis Renationis
8495,Hordes of the Things
8495,"Horse, Foot and Guns"
8495,De Bellis Antiquitatis: Quick Play Wargame Rules with Army Lists for Ancient and Medieval Battles
8509,"Dark Ages: Tactical Warfare, 500-1300"
8518,Charlemagne: Dark Ages in Europe
8521,Wings of the Motherland
8538,Iron Bottom Sound II
8538,Iron Bottom Sound III
8544,"Battle for China, 1937-1941 (Second Edition)"
8623,Bible Blurt: The Card Game
8630,Tyranid Attack
8632,Aggravation
8636,Play-Doh Smashed Potatoes Game
8651,Guinness World Records: Das Spiel
8652,Gespensterturm Schnupperspiel
8666,Days of Decision II
8666,Days of Decision III
8668,Zapp Zerapp
8676,Car Capers
8676,Jumbolino
8679,Days of Decision
8679,Days of Decision II
8700,Empire (Second Edition)
8705,Forgotten Legions: Designer Signature Edition
8707,Young Jacob Marley
8717,The Western Front: 1914 to 1918
8720,"Objective Hamburg: 7 Days to the Rhine, Volume 5"
8721,"Objective Nuremberg: 7 Days to the Rhine, Volume 1"
8722,"Objective Kassel: 7 Days to the Rhine, Volume 4"
8727,USN Deluxe
8740,Imperium Romanum II
8754,"The Battle of Moscow: The German Drive on Moscow, 1941"
8755,Destruction of Army Group Center (Second Edition)
8782,Storm Over Scandinavia
8783,E.T.O.: European Theatre of Operations
8787,"Chariot: Tactical Warfare in the ""Biblical"" Age, 3000-500 BC"
8789,Fussball-Match Ein Fußballspiel für Heimkicker
8790,20 Jahre Activity
8790,Activity 2
8790,Activity Casino
8790,Activity Chaos
8790,Activity Club-Edition
8790,Activity Franz Ferdinand
8790,Activity Junior
8790,Activity kompakt
8790,Activity My First
8790,Activity professional!
8790,Activity: 25th anniversary edition
8790,Activity: Das gibt's ja gar nicht
8798,Winter War: Finland vs the Soviet Union 1939
8804,Fluxx
8813,Pocket Shock-It
8817,Call of Cthulhu: The Card Game
8829,Nobody is Perfect 2
8829,Nobody is Perfect: 390 neue Begriffe
8830,Counter Point
8846,Word for Word Canada
8846,Word for Word Junior
8863,"Warhammer 40,000 Collectible Card Game"
8872,Atlanta Campaign: The Death of Dixie
8888,Three Battles of Manassas
8903,Zama: Hannibal vs Scipio
8906,Tintenherz
8924,Crazy Eggz
8924,"Eiertanz, Das Kartenspiel"
8945,Tournament Stadium Checkers
8964,"Eddie, pass auf!"
8964,Lotti Karotti Deluxe
8964,Mini Funny Bunny
8976,Advanced Pacific Theater of Operations
8983,I.Q. 2000 Trans Canada Trivia
8985,Labyrinth
8985,Master Labyrinth
8989,Traders of the Air
8993,Total War
8993,Drang Nach Osten!
8996,Pictionary (2013 edition)
8998,Taboo
9040,The Battle of Stalingrad
9045,Switzerland must be Conquered!
9091,The Newlywed Game: DVD Edition
9101,Piratenschatz
9104,Three Days of Gettysburg (Third Edition)
9104,The Three Days Of Gettysburg
9127,Lass die Kirche ins Dorf (2nd edition)
9132,18C2C: Continental Empires
9135,World War II: European Theater of Operations
9143,War in Europe
9149,Mini Zitternix
9150,The Last Gamble
9181,Armor Heavy Team: Tacforce 2.0 – Armored Warfare 1950-2010
9184,Power CARDZ Collectable Card Game
9189,"Kiev & Rostov: Battles of Army Group South, 1941"
9192,Cataphract
9203,Wings of Glory: Pocket Travel Edition
9203,Wings of Glory: Tripods & Triplanes
9203,Wings of Glory: WW1 Rules and Accessories Pack
9203,Wings of War: Deluxe Set
9203,Wings of War: Fire from the Sky
9203,Wings of War: The Dawn of World War II
9208,Into the Forest
9209,Les Aventuriers du Rail Express
9209,Ticket to Ride Demo
9209,Ticket to Ride Legacy: Legends of the West
9209,Ticket to Ride: Amsterdam
9209,Ticket to Ride: Europe
9209,Ticket to Ride: Europe – 15th Anniversary
9209,Ticket to Ride: First Journey (U.S.)
9209,Ticket to Ride: Germany
9209,Ticket to Ride: Ghost Train
9209,Ticket to Ride: London
9209,Ticket to Ride: Märklin
9209,Ticket to Ride: New York
9209,Ticket to Ride: Nordic Countries
9209,Ticket to Ride: Northern Lights
9209,Ticket to Ride: Rails & Sails
9209,Ticket to Ride: San Francisco
9209,Ticket to Ride: The Card Game
9217,Saint Petersburg (Second Edition)
9220,Saboteur: 20 Jahre-Edition
9220,Saboteur: The Lost Mines
9245,Stocks & Shares
9246,Jeu de la Quille
9246,Stratego
9250,UNO
9254,Dschungelrennen
9262,Royal Armies of the Hyborean Age
9278,Superbeings Jumbo Card Game
9286,Stalingrad Solitaire
9288,Who? What? Where? Jr.
9294,Risk
9296,Warzone (Second Edition)
9296,Warzone Eternal
9334,Ancient Warfare Fast Play Rules: Rules for Wargaming Tactical Level Combat From 3000 BC - 450 AD
9341,Lost Valley: The Yukon Goldrush 1896
9354,Privacy No Limit
9391,Challenger 2000: Ultra Modern Wargame Rules for Battle Group Level Games 1970 to 1995
9391,Challenger: Ultra Modern Wargame Rules for Battle Group Level Games 1950 to 1995
9392,Finans
9398,War Games Rules 3000 BC to 1250 AD
9401,War Game Rules 1925-1950: Wargames Rules for All Arms Land Warfare From Platoon to Battalion Level
9407,Meatgrinder: Battle of Xuan Loc 1975
9409,Krims-krams
9440,Maharaja
9441,Turtle Race Mini
9454,Trouble
9465,UNO
9476,The Day of Waterloo: 1815 AD
9516,Adverteasing Junior
9556,Word Wave
9581,Predator: The Forest Food Chain Game
9592,Logus Jr.
9609,War of the Ring: Second Edition
9610,Rennfieber
9610,Månvalla med V5
9615,Station Master
9625,Age of Reason
9625,Conquest of the Empire
9629,Dectana
9629,Zark City
9629,Zarcana
9650,War in the Pacific (Second Edition)
9674,Axio
9674,Einfach Genial 3D
9674,Einfach Genial Junior
9674,Ingenious Extreme
9674,Ingenious: Travel Edition
9725,Monopoly: America's National Parks Edition
9725,Monopoly: My National Parks Edition
9725,Monopoly: National Parks Special Edition
9735,En Garde
9782,Battle of the Bands: World Tour Edition
9782,Battle of the Bands
9817,Woordwijzer
9829,Runebound: Second Edition
9852,Clue Jr.: Spongebob Squarepants Edition – The Case of the Missing Jellyfish Net
9858,The Russo-Japanese War: Dawn of the Rising Sun
9865,Premières Gloires
9866,Normandy 1944: A Bloody Summer
9870,Premières Gloires
9885,Put and Take Dice
9910,Wings of War: Fire from the Sky
9910,Wings of War: The Dawn of World War II
9918,Premières Gloires
9927,Adverteasing
9962,Chez Geek
9963,Santorini
9973,Cauldron: Battle for Gazala
9988,A Sheer Butchery: Solferino 1859
9991,Panzerkrieg: von Manstein & HeeresGruppe Süd
10014,Hitler Strikes North: The 1940 Invasion of Norway
10017,Pay Off
10071,Letter Getter Junior
10074,Letter Getter: The Jewish Rummy Game
10075,Claim to Fame Travel Edition
10093,Axis & Allies: 1942
10093,Axis & Allies
10105,Dirty Words: Party Edition
10123,Movie Mania
10124,Flash Match VCR Jr.
10149,The Great War in Europe: Deluxe Edition
10150,Travel Tribond Kids
10156,The Russian Campaign: Deluxe 5th Edition
10156,The Russian Campaign
10174,Bitter Woods: Designer Edition
10174,Bitter Woods: The Battle of the Bulge
10183,Napoleon at Leipzig (Fifth Edition)
10188,Sale of the Century
10205,Noteability
10206,Make 'n' Break Extreme
10206,Make 'n' Break Junior
10206,Make 'n' Break Party
10206,Mini Make 'n' Break
10210,Make Five
10210,Sark
10226,Thunder at the Crossroads: The Battle of Gettysburg
10229,ATS: Winter War
10230,ATS Core Module: On the Road to Rome – Gothic Line 1944
10230,ATS TT: Battle of the Bracchi Hills
10232,"Reichswehr & Freikorps: If the Red Army Invaded Germany, 1920"
10232,Strike for Berlin
10243,The Battle of Armageddon
10245,ATS TT: Omaha West
10246,ATS Core Module: Bulge – The Battle of the Bulge at Hotton/Melines/Quatre-Bras Crossroads
10246,ATS TT: Darkest December
10266,Armati 2nd Edition: Rules and Lists for Ancient and Medieval Wargaming
10272,Thirty Years War
10293,Defensores de la Tierra
10300,"Brezhnev's War: NATO vs. the Warsaw Pact in Germany, 1980"
10300,NATO: Operational Combat in Europe in the 1970's
10310,Warfare in the Age of Reason (Third Edition)
10361,Dead of Winter: The Battle of Stones River (Second Edition)
10368,Top 15
10378,Tryce
10383,Risk
10389,AstroNavis Merchant Advanced
10431,"Warhammer Epic 40,000"
10435,Aux Armes!
10437,Rally Round the Flag: Corps Command
10445,Kaijudo
10472,Dragon vs Bear: China vs Russia in the 21st Century
10484,Deutschlandreise
10501,Blue Max
10518,I Spy Memory Game: Travel Edition
10527,Kang
10532,Brit Quiz II
10543,The Drive on Metz (Second Edition)
10547,Betrayal at Baldur's Gate
10547,Betrayal at House on the Hill: 3rd Edition
10547,Betrayal at Mystery Mansion
10547,Betrayal Legacy
10575,Lightning Reaction Extreme
10575,Lightning Reaction Revenge
10575,Lightning Reaction: ReLoaded
10575,Pocket Shock-It
10590,2WW: The War in Europe
10608,Think: Logo Cards
10608,Visual Brainstorms 2
10613,Madeline's House
10629,Travspelet med V65
10629,Månvalla travbana
10630,Battle Cry
10640,Descent: Journeys in the Dark
10657,Jutland:  Fleet Admiral II
10658,"Ciao, Ciao..."
10659,Behext
10659,Hex Hex XL
10660,micropul dynamo
10660,picopul
10662,Victoria Cross II: Battle of Isandlwana & Rorke's Drift
10681,Apples to Apples
10683,Seekrieg (Fourth Edition)
10687,Super Mario Tower
10693,"Red Sand, Blue Sky: Heroes of the Arena"
10697,Chain Reaction 2.0: Fully Loaded
10700,Le Mans
10707,Hacker
10707,Hacker II: The Dark Side
10709,Lilla tjuv & polis
10709,Tjuv och polis: Kortspel
10738,Six Gun Sound: Blaze of Glory!
10742,Drop Everything
10753,Wall Street App
10807,Fishing for Terrorists Version 2.0
10829,Axis Empires: Totaler Krieg!
10829,Totaler Krieg!
10851,Mr. President
10882,Verbagame Babilonia
10884,The Battle of Dunstop Castle
10884,Dragon Pass
10910,Talavera & Vimeiro
10916,Modern Spearhead
10934,The Game of Nasty Things...
10934,Things... Schitt's Creek
10946,American Civil War
10965,Word Spin Scramble
10974,La vallée de la mort
10974,La Vallee de la Mort: The Battles of Na San and Dien Bien Phu
10985,Planetfall
10996,Gnostica
10997,Gold River
11017,Craits
11024,Timmy macht Urlaub
11036,No Middle Ground: The Golan Heights 1973
11042,Trhyme Jr.
11050,Bastogne or Bust (Designer's Edition)
11050,Bastogne or Bust
11052,Connections
11057,The Great Battles of Alexander: Macedonian Art of War
11057,The Great Battles of Alexander
11096,Inca Empire
11104,Das GROSSE und das kleine A
11104,Ochs & Esel
11106,"Warhammer 40,000 (Second Edition)"
11110,Fields of Glory: Oudenarde & Malplaquet
11111,"Red Star/White Eagle: The Russo-Polish War, 1920 – Designer Signature Edition"
11122,Proud Monster Deluxe
11132,The Last Gamble: Designer Signature Edition
11132,The Last Gamble
11136,End of Empire: 1744-1782
11139,"Into the Woods: The Battle of Shiloh, April 6-7, 1862"
11168,Flames of War: Firestorm Campaign – Operation Bagration
11168,Flames of War: German Starter Force – Tank-Hunter Kampfgruppe
11168,Flames of War: Hungarian Starter Force – Assault Gun Battery
11168,Great War
11168,Team Yankee
11170,HeroScape: Age of Annihilation
11170,Magic: The Gathering – Arena of the Planeswalkers
11184,That Dirty Blanking Card Game
11185,Grant: The Western Campaign of 1862
11187,Advanced Dungeons & Dragons Battlesystem (Second Edition)
11200,Cashflow 101
11212,Matoca
11215,Moon Leap
11228,Maze
11231,Quack a-doodle Moo!
11241,"The Cossacks Are Coming!: The Tannenberg Campaign August and September, 1914 – 2nd Edition"
11261,Hammerin' Iron 2
11276,"A Test of Mettle: Three Battles of the Lorraine Campaign, September 1944"
11277,War Plan Crimson
11278,Caesar in Gallia: Conquest on the Ancient Frontier
11278,Germania
11278,Roman Civil War
11278,Trajan
11278,Trajan: Ancient Wars Series Expansion Kit
11283,18Namibia
11284,1862: USA & Canada
11335,MarraCash
11388,"Armati: Rules and Lists for Ancient, Medieval & Renaissance Wargaming"
11396,Dragon Master: BGG Convention Promo
11396,Robot Master
11405,Kyro 5
11405,Pyramid
11405,Sphinx
11413,Squint
11428,"Supermarina I: The First Part of WWII in the Mediterranean, June 1940 to July 1941"
11429,Rising Sun: The First Half of the Pacific War (Third Edition)
11432,Harpoon V: Modern Tactical Naval Combat 1955 - 2020
11432,Harpoon (Third Edition)
11441,Panzerschlacht Blood and Armor in Hungary October 1944
11441,"Debrecen: Battle of the Hungarian Plain, 1944"
11448,Winter Thunder: The Battle of the Bulge
11469,"Spartan: Tactical Warfare in the Hellenistic Age, 500-100BC"
11488,Blood & Roses
11498,"Legion: Tactical Warfare in the Roman Age, 100BC-700AD"
11499,Armageddon: Tactical Combat 3000 to 500 B.C.
11500,Phalanx: Tactical Warfare 500-100 BC
11564,Green Alligators: Rings & Things
11564,Green Alligators: Zoo & Farm Animals
11564,Green Gators
11572,Sleuth
11573,Taboo
11574,Dow Jones
11621,Uglydoll: Babo's Cookies
11632,Tonari
11670,Happy Families
11670,Quartett
11670,Spelet om Sveriges städer
11689,A Call to Arms: Noble Armada
11707,"U.S.N.: The Game of War in the Pacific, 1941-43"
11708,War Between The States 1861-1865
11725,Mouse Trap
11734,Clock-A-Game
11739,Race to the Roof
11753,I Cavalieri della Tavola Rotonda
11809,Hidden Empires II
11815,The U.S. Army Game
11829,Spingo
11844,Touchdown a Scientific Football Game
11850,Fore Par Table Golf
11868,Playmobil: Brandweer
11950,Monopoly: Marvel Comics Collectors Edition
11971,Cockroach Poker Royal
11978,The Great War in Europe: Deluxe Edition
11993,"The Cossacks Are Coming!: The Tannenberg Campaign, 1914"
11997,Star
12023,Devil's Beach: The Omaha Landings
12034,Tactica: Medieval Rulebook
12054,ATS TT: Brave But Doomed
12055,Streets of Stalingrad
12057,Funny Bunny
12061,Claim
12067,H.G. Wells' Little Orc Wars
12067,Wood Wars 3D
12117,The Plains of Khuzestan: The Iran-Iraq War
12118,"Operation Konrad: The SS Drive to the Danube, January 1945"
12128,Giant Monster Rampage
12129,Giant Monster Rampage (Third Edition)
12129,Giant Monster Rampage 2: World War
12129,Giants: The Action Figure Game of Colossal Combat
12134,Last Chance for Victory: The Battle of Gettysburg
12135,Drive on Stalingrad: Battle for Southern Russia Game
12139,The Three Days of Gettysburg (Second Edition)
12139,Three Days of Gettysburg (Third Edition)
12139,Terrible Swift Sword: Battle of Gettysburg Game
12140,Stalingrad Pocket
12157,Unanimo Party
12162,UNO
12166,Funkenschlag: EnBW
12166,Mégawatts
12166,Power Grid
12168,D-Day (3rd edition)
12171,Fastrack
12183,Universe
12183,Pentominoes
12194,Munchkin
12202,Atlantic Wolves
12211,Ancient Battles Deluxe: From Guts to Gunpowder
12211,Ancients
12211,Ancients
12211,Ancients I
12213,Conjecture for Kids
12234,"DAK: The Campaign in North Africa, 1940-1942"
12238,Countaloupe
12252,ATS Core Module: Clash Along The Psel I
12252,ATS TT Kursk: Psel River Crossing
12266,Barren Victory II: The Battle of Chickamauga
12269,"Manassas: Sunday, 21st April 1861 – Designer Signature Edition"
12287,Ghost Blitz
12287,Ghost Blitz: Spooky Doo
12287,Vlotte Geesten Promospel
12289,Pumafiosi
12303,Dunkerque
12304,Pass the Pigs
12318,Typo 2D
12336,"Bitter End: Attack to Budapest, 1945"
12346,Geistertreppe
12346,Geistertreppe: Das Kartenspiel
12350,Battlestations: Second Edition
12355,The Age of Eagles
12370,Maya Code
12379,The Great War in the East: Four World War 1 Battles
12385,Bladestorm: Second Edition
12453,Atmosfear: Interactive App edition
12465,"Bastogne: The Desperate Defense, December 1944"
12488,Star Wars Customizable Card Game
